problem_id,avg_accuracy,difficulty_score,std_accuracy,num_epochs
2,0.0,1.0,0.0,4
3,0.0,1.0,0.0,4
7,0.0,1.0,0.0,4
8,0.0,1.0,0.0,2
9,0.25,0.75,0.4330127018922193,4
10,0.3333333333333333,0.6666666666666667,0.4714045207910317,3
4,1.0,0.0,0.0,3
6,1.0,0.0,0.0,1
