problem_id,avg_accuracy,difficulty_score,std_accuracy,num_epochs
180,0.2,0.8,0.4000000000000001,5
175,0.2,0.8,0.4000000000000001,5
146,0.6,0.4,0.48989794855663565,5
125,0.8,0.19999999999999996,0.4,5
