problem_id,avg_accuracy,difficulty_score,std_accuracy,num_epochs
2,0.0,1.0,0.0,5
3,0.0,1.0,0.0,5
7,0.0,1.0,0.0,4
8,0.0,1.0,0.0,3
9,0.0,1.0,0.0,3
1,0.0,1.0,0.0,1
5,0.6666666666666666,0.33333333333333337,0.4714045207910317,3
6,0.75,0.25,0.4330127018922193,4
4,1.0,0.0,0.0,2
10,1.0,0.0,0.0,2
