{"metadata": 0.1935483870967742, "config_file_easy": 0.29508196721311475, "backup_data_easy": 0.45161290322580644, "machine_learning_hard": 0.8947368421052632, "version_control_hard": 0.8863636363636364, "csv_data_hard": 0.918918918918919}